{
  "Argentina": {
    "win": 0.7571902876115044,
    "2nd": 0.2108684347373895,
    "qual": 0.9958198327933118,
    "r16": 0.7234489379575183,
    "qf": 0.5636225449017961,
    "sf": 0.40705628225129004,
    "fin": 0.2670306812272491,
    "champ": 0.17292691707668306
  },
  "Spain": {
    "win": 0.5708828353134126,
    "2nd": 0.2453698147925917,
    "qual": 0.9167566702668106,
    "r16": 0.6216648665946638,
    "qf": 0.46347853914156567,
    "sf": 0.3494939797591904,
    "fin": 0.23676947077883115,
    "champ": 0.14878595143805753
  },
  "France": {
    "win": 0.6147445897835914,
    "2nd": 0.32929317172686906,
    "qual": 0.9914596583863354,
    "r16": 0.7475899035961439,
    "qf": 0.5298211928477139,
    "sf": 0.35863434537381494,
    "fin": 0.21946877875115003,
    "champ": 0.1294451778071123
  },
  "England": {
    "win": 0.8617944717788711,
    "2nd": 0.1061442457698308,
    "qual": 0.9935797431897276,
    "r16": 0.7199287971518861,
    "qf": 0.4766790671626865,
    "sf": 0.30137205488219526,
    "fin": 0.17268690747629906,
    "champ": 0.09950398015920636
  },
  "Colombia": {
    "win": 0.6485059402376095,
    "2nd": 0.23946957878315134,
    "qual": 0.9714988599543982,
    "r16": 0.6797471898875955,
    "qf": 0.4238769550782031,
    "sf": 0.22698907956318254,
    "fin": 0.12288491539661586,
    "champ": 0.06284251370054802
  },
  "Brazil": {
    "win": 0.3856954278171127,
    "2nd": 0.3343333733349334,
    "qual": 0.8855954238169527,
    "r16": 0.5326613064522581,
    "qf": 0.3149525981039242,
    "sf": 0.16940677627105083,
    "fin": 0.08542341693667747,
    "champ": 0.042201688067522704
  },
  "Portugal": {
    "win": 0.24294971798871956,
    "2nd": 0.3843953758150326,
    "qual": 0.78163126525061,
    "r16": 0.4984999399975999,
    "qf": 0.27109084363374536,
    "sf": 0.15192607704308173,
    "fin": 0.078263130525221,
    "champ": 0.037261490459618386
  },
  "Germany": {
    "win": 0.6442457698307932,
    "2nd": 0.22598903956158245,
    "qual": 0.9944397775911037,
    "r16": 0.6293651746069843,
    "qf": 0.3107724308972359,
    "sf": 0.16662666506660267,
    "fin": 0.07944317772710908,
    "champ": 0.03564142565702628
  },
  "Norway": {
    "win": 0.3580143205728229,
    "2nd": 0.4484179367174687,
    "qual": 0.9726189047561903,
    "r16": 0.594963798551942,
    "qf": 0.33171326853074123,
    "sf": 0.1670666826673067,
    "fin": 0.07704308172326893,
    "champ": 0.032921316852674104
  },
  "Netherlands": {
    "win": 0.3299131965278611,
    "2nd": 0.34765390615624625,
    "qual": 0.8642145685827433,
    "r16": 0.49429977199087966,
    "qf": 0.281311252450098,
    "sf": 0.1375255010200408,
    "fin": 0.06634265370614825,
    "champ": 0.028861154446177848
  },
  "Switzerland": {
    "win": 0.3839753590143606,
    "2nd": 0.6042241689667587,
    "qual": 0.999979999199968,
    "r16": 0.6271050842033681,
    "qf": 0.3106124244969799,
    "sf": 0.1342053682147286,
    "fin": 0.057622304892195685,
    "champ": 0.021620864834593384
  },
  "Mexico": {
    "win": 0.9339773590943637,
    "2nd": 0.06602264090563623,
    "qual": 1.0,
    "r16": 0.5847433897355894,
    "qf": 0.24880995239809592,
    "sf": 0.11848473938957559,
    "fin": 0.048181927277091086,
    "champ": 0.02046081843273731
  },
  "Japan": {
    "win": 0.29889195567822713,
    "2nd": 0.3450738029521181,
    "qual": 0.8468938757550302,
    "r16": 0.4563982559302372,
    "qf": 0.24236969478779152,
    "sf": 0.11084443377735109,
    "fin": 0.04922196887875515,
    "champ": 0.020260810432417297
  },
  "Belgium": {
    "win": 0.39593583743349736,
    "2nd": 0.27863114524580984,
    "qual": 0.8192127685107404,
    "r16": 0.4605984239369575,
    "qf": 0.22580903236129446,
    "sf": 0.09710388415536622,
    "fin": 0.04116164646585863,
    "champ": 0.015680627225089002
  },
  "Austria": {
    "win": 0.2232089283571343,
    "2nd": 0.5598623944957798,
    "qual": 0.9411576463058522,
    "r16": 0.421196847873915,
    "qf": 0.21594863794551783,
    "sf": 0.10410416416656666,
    "fin": 0.04278171126845074,
    "champ": 0.014640585623424938
  },
  "Ecuador": {
    "win": 0.040021600864034564,
    "2nd": 0.2749309972398896,
    "qual": 0.7289891595663827,
    "r16": 0.3697747909916397,
    "qf": 0.18806752270090804,
    "sf": 0.07990319612784512,
    "fin": 0.03386135445417817,
    "champ": 0.01330053202128085
  },
  "Croatia": {
    "win": 0.048201928077123084,
    "2nd": 0.47607904316172645,
    "qual": 0.7098083923356935,
    "r16": 0.34891395655826235,
    "qf": 0.15408616344653786,
    "sf": 0.07650306012240489,
    "fin": 0.033641345653826156,
    "champ": 0.013200528021120844
  },
  "Australia": {
    "win": 0.39957598303932157,
    "2nd": 0.3981959278371135,
    "qual": 0.9460578423136925,
    "r16": 0.5454418176727069,
    "qf": 0.23722948917956718,
    "sf": 0.09424376975079003,
    "fin": 0.0375015000600024,
    "champ": 0.013060522420896836
  },
  "Uruguay": {
    "win": 0.23638945557822313,
    "2nd": 0.30089203568142725,
    "qual": 0.7055882235289411,
    "r16": 0.29615184607384293,
    "qf": 0.15724628985159406,
    "sf": 0.0749629985199408,
    "fin": 0.03156126245049802,
    "champ": 0.01218048721948878
  },
  "Morocco": {
    "win": 0.25701028041121643,
    "2nd": 0.33229329173166927,
    "qual": 0.812232489299572,
    "r16": 0.3748749949998,
    "qf": 0.171806872274891,
    "sf": 0.0686427457098284,
    "fin": 0.026301052042081684,
    "champ": 0.008720348813952557
  },
  "USA": {
    "win": 0.5368414736589464,
    "2nd": 0.30339213568542744,
    "qual": 0.9702588103524141,
    "r16": 0.5217408696347854,
    "qf": 0.21290851634065364,
    "sf": 0.0702228089123565,
    "fin": 0.024600984039361576,
    "champ": 0.007460298411936478
  },
  "Senegal": {
    "win": 0.02358094323772951,
    "2nd": 0.19324772990919636,
    "qual": 0.5671226849073963,
    "r16": 0.28719148765950636,
    "qf": 0.13720548821952877,
    "sf": 0.051682067282691306,
    "fin": 0.017860714428577142,
    "champ": 0.007060282411296452
  },
  "Turkiye": {
    "win": 0.03948157926317053,
    "2nd": 0.17254690187607505,
    "qual": 0.4738589543581743,
    "r16": 0.23508940357614305,
    "qf": 0.09640385615424617,
    "sf": 0.04356174246969879,
    "fin": 0.01612064482579303,
    "champ": 0.00594023760950438
  },
  "Scotland": {
    "win": 0.33829353174126964,
    "2nd": 0.2887515500620025,
    "qual": 0.8775751030041201,
    "r16": 0.36633465338613547,
    "qf": 0.14942597703908156,
    "sf": 0.05298211928477139,
    "fin": 0.01830073202928117,
    "champ": 0.005560222408896356
  },
  "Canada": {
    "win": 0.6160246409856395,
    "2nd": 0.38333533341333653,
    "qual": 1.0,
    "r16": 0.5065802632105284,
    "qf": 0.1934677387095484,
    "sf": 0.0609424376975079,
    "fin": 0.019580783231329252,
    "champ": 0.005360214408576343
  },
  "South Korea": {
    "win": 0.06602264090563623,
    "2nd": 0.6745669826793071,
    "qual": 0.8844353774150966,
    "r16": 0.38523540941637663,
    "qf": 0.15354614184567383,
    "sf": 0.051062042481699266,
    "fin": 0.017280691227649105,
    "champ": 0.004920196807872315
  },
  "Sweden": {
    "win": 0.3558942357694308,
    "2nd": 0.27119084763390533,
    "qual": 0.952978119124765,
    "r16": 0.37415496619864796,
    "qf": 0.1437857514300572,
    "sf": 0.04478179127165086,
    "fin": 0.013620544821792872,
    "champ": 0.0038001520060802433
  },
  "Ivory Coast": {
    "win": 0.31241249649985997,
    "2nd": 0.468138725549022,
    "qual": 0.953818152726109,
    "r16": 0.3716748669946798,
    "qf": 0.12298491939677587,
    "sf": 0.04104164166566663,
    "fin": 0.012560502420096804,
    "champ": 0.0034001360054402175
  },
  "Iran": {
    "win": 0.2390295611824473,
    "2nd": 0.24030961238449539,
    "qual": 0.640145605824233,
    "r16": 0.2752910116404656,
    "qf": 0.10184407376295052,
    "sf": 0.03252130085203408,
    "fin": 0.010860434417376694,
    "champ": 0.002980119204768191
  },
  "Algeria": {
    "win": 0.013020520820832833,
    "2nd": 0.1748669946797872,